<DiagramContainer xmlns:xsd="http://www.w3.org/2001/XMLSchema" xmlns:xsi="http://www.w3.org/2001/XMLSchema-instance">
  <Diagram Id="Aggregate">
    <Input Name="a">
      <Marble Value="a" Order="0" />
      <Marble Value="aa" Order="1" />
      <Marble Value="aaa" Order="2" />
      <Marble Value="aa" Order="3" />
      <Marble Value="a" Order="4" />
      <Marble Kind="OnCompleted" Order="5" />
    </Input>
    <Output>
      <Marble Value="9" Order="5" />
      <Marble Kind="OnCompleted" Order="6" />
    </Output>
  </Diagram>
  <Diagram Id="All">
    <Input Name="a">
      <Marble Value="a" Order="0" />
      <Marble Value="aa" Order="1" />
      <Marble Value="aaa" Order="2" />
      <Marble Value="aaaa" Order="4" />
      <Marble Kind="OnCompleted" Order="5" />
    </Input>
    <Output>
      <Marble Value="False" Order="2" />
      <Marble Kind="OnCompleted" Order="3" />
    </Output>
  </Diagram>
  <Diagram Id="Amb">
    <Input Name="a">
      <Marble Value="a" Order="0" />
      <Marble Value="d" Order="3" />
      <Marble Value="f" Order="5" />
      <Marble Kind="OnCompleted" Order="8" />
    </Input>
    <Input Name="b">
      <Marble Value="b" Order="1" />
      <Marble Value="c" Order="2" />
      <Marble Value="e" Order="4" />
      <Marble Value="g" Order="6" />
      <Marble Kind="OnCompleted" Order="7" />
    </Input>
    <Output>
      <Marble Value="a" Order="0" />
      <Marble Value="d" Order="3" />
      <Marble Value="f" Order="5" />
      <Marble Kind="OnCompleted" Order="8" />
    </Output>
  </Diagram>
  <Diagram Id="Any">
    <Input Name="a">
      <Marble Value="aaaa" Order="0" />
      <Marble Value="aaa" Order="1" />
      <Marble Value="aa" Order="2" />
      <Marble Value="a" Order="4" />
      <Marble Kind="OnCompleted" Order="5" />
    </Input>
    <Output>
      <Marble Value="True" Order="2" />
      <Marble Kind="OnCompleted" Order="3" />
    </Output>
  </Diagram>
  <Diagram Id="Average">
    <Input Name="a">
      <Marble Value="2" Order="0" />
      <Marble Value="123" Order="1" />
      <Marble Value="55" Order="2" />
      <Marble Value="-50" Order="3" />
      <Marble Kind="OnCompleted" Order="4" />
    </Input>
    <Output>
      <Marble Value="32,5" Order="4" />
      <Marble Kind="OnCompleted" Order="5" />
    </Output>
  </Diagram>
  <Diagram Id="Buffer_WithCount">
    <Input Name="a">
      <Marble Value="a" Order="0" />
      <Marble Value="b" Order="1" />
      <Marble Value="c" Order="2" />
      <Marble Value="d" Order="3" />
      <Marble Value="e" Order="4" />
      <Marble Value="f" Order="5" />
      <Marble Value="g" Order="6" />
      <Marble Kind="OnCompleted" Order="7" />
    </Input>
    <Output>
      <Marble Value="a,b,c" Order="2" />
      <Marble Value="d,e,f" Order="5" />
      <Marble Value="g" Order="7" />
      <Marble Kind="OnCompleted" Order="8" />
    </Output>
  </Diagram>
  <Diagram Id="Buffer_WithTime">
    <Input Name="a">
      <Marble Value="a" Order="0" />
      <Marble Value="b" Order="1" />
      <Marble Value="c" Order="2" />
      <Marble Value="d" Order="4" />
      <Marble Value="e" Order="5" />
      <Marble Kind="OnCompleted" Order="6" />
    </Input>
    <Output>
      <Marble Value="a,b,c" Order="3" />
      <Marble Value="d,e" Order="6" />
      <Marble Kind="OnCompleted" Order="7" />
    </Output>
  </Diagram>
  <Diagram Id="Buffer_WithTimeOrCount">
    <Input Name="a">
      <Marble Value="a" Order="0" />
      <Marble Value="b" Order="1" />
      <Marble Value="c" Order="2" />
      <Marble Value="d" Order="3" />
      <Marble Value="e" Order="4" />
      <Marble Value="f" Order="6" />
      <Marble Value="g" Order="7" />
      <Marble Value="h" Order="8" />
      <Marble Value="i" Order="9" />
      <Marble Kind="OnCompleted" Order="10" />
    </Input>
    <Output>
      <Marble Value="a,b,c" Order="2" />
      <Marble Value="d,e" Order="5" />
      <Marble Value="f,g,h" Order="8" />
      <Marble Value="i" Order="10" />
      <Marble Kind="OnCompleted" Order="11" />
    </Output>
  </Diagram>
  <Diagram Id="Case">
    <Input Name="condition">
      <Marble Value="b" Order="2" />
      <Marble Value="c" Order="6" />
    </Input>
    <Input Name="a">
      <Marble Value="a" Order="0" />
      <Marble Value="b" Order="1" />
      <Marble Value="_" Order="3" />
      <Marble Value="c" Order="4" />
      <Marble Value="d" Order="5" />
      <Marble Value="_" Order="7" />
      <Marble Value="e" Order="8" />
      <Marble Value="f" Order="10" />
      <Marble Value="_" Order="12" />
    </Input>
    <Output>
      <Marble Value="a" Order="0" />
      <Marble Value="b" Order="1" />
      <Marble Value="C" Order="4" />
      <Marble Value="D" Order="5" />
      <Marble Value="e" Order="8" />
      <Marble Value="e" Order="9" />
      <Marble Value="f" Order="10" />
      <Marble Value="f" Order="11" />
    </Output>
  </Diagram>
  <Diagram Id="Catch">
    <Input Name="a">
      <Marble Value="c" Order="2" />
      <Marble Value="d" Order="3" />
      <Marble Value="e" Order="4" />
      <Marble Kind="OnError" Order="5" />
    </Input>
    <Input Name="b">
      <Marble Value="a" Order="0" />
      <Marble Value="b" Order="1" />
      <Marble Value="f" Order="6" />
      <Marble Value="g" Order="7" />
    </Input>
    <Output>
      <Marble Value="c" Order="2" />
      <Marble Value="d" Order="3" />
      <Marble Value="e" Order="4" />
      <Marble Value="f" Order="6" />
      <Marble Value="g" Order="7" />
    </Output>
  </Diagram>
  <Diagram Id="CombineLatest">
    <Input Name="a">
      <Marble Value="a" Order="0" />
      <Marble Value="e" Order="4" />
      <Marble Kind="OnCompleted" Order="6" />
    </Input>
    <Input Name="b">
      <Marble Value="b" Order="1" />
      <Marble Value="c" Order="2" />
      <Marble Value="d" Order="3" />
      <Marble Value="f" Order="5" />
      <Marble Value="g" Order="7" />
      <Marble Kind="OnCompleted" Order="8" />
    </Input>
    <Output>
      <Marble Value="a - b" Order="1" />
      <Marble Value="a - c" Order="2" />
      <Marble Value="a - d" Order="3" />
      <Marble Value="e - d" Order="4" />
      <Marble Value="e - f" Order="5" />
      <Marble Value="e - g" Order="7" />
      <Marble Kind="OnCompleted" Order="8" />
    </Output>
  </Diagram>
  <Diagram Id="Concat">
    <Input Name="a">
      <Marble Value="c" Order="2" />
      <Marble Value="d" Order="3" />
      <Marble Value="e" Order="4" />
      <Marble Kind="OnCompleted" Order="6" />
    </Input>
    <Input Name="b">
      <Marble Value="a" Order="0" />
      <Marble Value="b" Order="1" />
      <Marble Value="f" Order="5" />
      <Marble Value="g" Order="7" />
      <Marble Value="h" Order="8" />
      <Marble Kind="OnCompleted" Order="9" />
    </Input>
    <Output>
      <Marble Value="c" Order="2" />
      <Marble Value="d" Order="3" />
      <Marble Value="e" Order="4" />
      <Marble Value="g" Order="7" />
      <Marble Value="h" Order="8" />
      <Marble Kind="OnCompleted" Order="9" />
    </Output>
  </Diagram>
  <Diagram Id="Contains">
    <Input Name="a">
      <Marble Value="a" Order="0" />
      <Marble Value="aa" Order="1" />
      <Marble Value="aaa" Order="2" />
      <Marble Value="aaaa" Order="4" />
      <Marble Value="aaaaa" Order="5" />
      <Marble Kind="OnCompleted" Order="6" />
    </Input>
    <Output>
      <Marble Value="True" Order="2" />
      <Marble Kind="OnCompleted" Order="3" />
    </Output>
  </Diagram>
  <Diagram Id="Count">
    <Input Name="a">
      <Marble Value="a" Order="0" />
      <Marble Value="b" Order="1" />
      <Marble Value="c" Order="2" />
      <Marble Value="d" Order="3" />
      <Marble Kind="OnCompleted" Order="4" />
    </Input>
    <Output>
      <Marble Value="4" Order="4" />
      <Marble Kind="OnCompleted" Order="5" />
    </Output>
  </Diagram>
  <Diagram Id="DefaultIfEmpty">
    <Input Name="a">
      <Marble Kind="OnCompleted" Order="0" />
    </Input>
    <Output>
      <Marble Value="yo" Order="0" />
      <Marble Kind="OnCompleted" Order="1" />
    </Output>
  </Diagram>
  <Diagram Id="Delay">
    <Input Name="a">
      <Marble Value="11:14:07" Order="0" />
      <Marble Value="11:14:08" Order="1" />
      <Marble Kind="OnCompleted" Order="2" />
    </Input>
    <Output>
      <Marble Value="11:14:07" Order="3" />
      <Marble Value="11:14:08" Order="4" />
      <Marble Kind="OnCompleted" Order="5" />
    </Output>
  </Diagram>
  <Diagram Id="Distinct">
    <Input Name="a">
      <Marble Value="a" Order="0" />
      <Marble Value="b" Order="1" />
      <Marble Value="b" Order="2" />
      <Marble Value="c" Order="3" />
      <Marble Value="a" Order="4" />
      <Marble Value="b" Order="5" />
      <Marble Value="c" Order="6" />
      <Marble Value="d" Order="7" />
      <Marble Kind="OnCompleted" Order="8" />
    </Input>
    <Output>
      <Marble Value="a" Order="0" />
      <Marble Value="b" Order="1" />
      <Marble Value="c" Order="3" />
      <Marble Value="d" Order="7" />
      <Marble Kind="OnCompleted" Order="8" />
    </Output>
  </Diagram>
  <Diagram Id="DistinctUntilChanged">
    <Input Name="a">
      <Marble Value="a" Order="0" />
      <Marble Value="b" Order="1" />
      <Marble Value="b" Order="2" />
      <Marble Value="b" Order="3" />
      <Marble Value="c" Order="4" />
      <Marble Value="c" Order="5" />
      <Marble Kind="OnCompleted" Order="6" />
    </Input>
    <Output>
      <Marble Value="a" Order="0" />
      <Marble Value="b" Order="1" />
      <Marble Value="c" Order="4" />
      <Marble Kind="OnCompleted" Order="6" />
    </Output>
  </Diagram>
  <Diagram Id="DoWhile">
    <Input Name="condition">
      <Marble Value="True" Order="2" />
      <Marble Value="False" Order="6" />
    </Input>
    <Input Name="a">
      <Marble Value="a" Order="0" />
      <Marble Value="b" Order="1" />
      <Marble Value="_" Order="3" />
      <Marble Value="c" Order="4" />
      <Marble Value="d" Order="5" />
      <Marble Value="e" Order="7" />
      <Marble Value="_" Order="8" />
    </Input>
    <Output>
      <Marble Value="a" Order="0" />
      <Marble Value="b" Order="1" />
      <Marble Value="c" Order="4" />
      <Marble Value="d" Order="5" />
      <Marble Value="e" Order="7" />
      <Marble Kind="OnCompleted" Order="8" />
    </Output>
  </Diagram>
  <Diagram Id="ElementAt">
    <Input Name="a">
      <Marble Value="a" Order="0" />
      <Marble Value="b" Order="1" />
      <Marble Value="c" Order="2" />
      <Marble Value="d" Order="3" />
      <Marble Value="e" Order="4" />
      <Marble Value="f" Order="6" />
      <Marble Kind="OnCompleted" Order="7" />
    </Input>
    <Output>
      <Marble Value="e" Order="4" />
      <Marble Kind="OnCompleted" Order="5" />
    </Output>
  </Diagram>
  <Diagram Id="ElementAtOrDefault">
    <Input Name="a">
      <Marble Value="a" Order="0" />
      <Marble Value="b" Order="1" />
      <Marble Value="c" Order="2" />
      <Marble Kind="OnCompleted" Order="3" />
    </Input>
    <Output>
      <Marble Order="3" />
      <Marble Kind="OnCompleted" Order="4" />
    </Output>
  </Diagram>
  <Diagram Id="For">
    <Input Name="a">
      <Marble Value="a" Order="0" />
      <Marble Value="_" Order="1" />
      <Marble Value="b" Order="2" />
      <Marble Value="_" Order="4" />
      <Marble Value="c" Order="5" />
      <Marble Value="_" Order="8" />
      <Marble Value="d" Order="9" />
      <Marble Value="_" Order="13" />
    </Input>
    <Output>
      <Marble Value="a" Order="0" />
      <Marble Value="b" Order="2" />
      <Marble Value="b" Order="3" />
      <Marble Value="c" Order="5" />
      <Marble Value="c" Order="6" />
      <Marble Value="c" Order="7" />
      <Marble Value="d" Order="9" />
      <Marble Value="d" Order="10" />
      <Marble Value="d" Order="11" />
      <Marble Value="d" Order="12" />
      <Marble Kind="OnCompleted" Order="13" />
    </Output>
  </Diagram>
  <Diagram Id="GroupBy">
    <Input Name="a">
      <Marble Value="a" Order="0" />
      <Marble Value="a" Order="1" />
      <Marble Value="aa" Order="2" />
      <Marble Value="aaa" Order="3" />
      <Marble Value="aaa" Order="4" />
      <Marble Value="aa" Order="5" />
      <Marble Value="a" Order="6" />
      <Marble Value="a" Order="7" />
      <Marble Value="a" Order="8" />
      <Marble Kind="OnCompleted" Order="9" />
    </Input>
    <Output>
      <Marble Value="Key: 1  Value: a" Order="0" />
      <Marble Value="Key: 1  Value: a" Order="1" />
      <Marble Value="Key: 2  Value: aa" Order="2" />
      <Marble Value="Key: 3  Value: aaa" Order="3" />
      <Marble Value="Key: 3  Value: aaa" Order="4" />
      <Marble Value="Key: 2  Value: aa" Order="5" />
      <Marble Value="Key: 1  Value: a" Order="6" />
      <Marble Value="Key: 1  Value: a" Order="7" />
      <Marble Value="Key: 1  Value: a" Order="8" />
      <Marble Kind="OnCompleted" Order="9" />
    </Output>
  </Diagram>
  <Diagram Id="GroupJoin">
    <Input Name="man">
      <Marble Value="Joel" Order="0" />
      <Marble Value="Arni" Order="1" />
      <Marble Kind="OnCompleted" Order="6" />
    </Input>
    <Input Name="female">
      <Marble Value="Maria" Order="2" />
      <Marble Value="Toni" Order="5" />
      <Marble Kind="OnCompleted" Order="7" />
    </Input>
    <Input Name="leaving">
      <Marble Value="Joel" Order="4" />
    </Input>
    <Output>
      <Marble Value="Joel , 0. Maria" Order="2" />
      <Marble Value="Arni , 0. Maria" Order="3" />
      <Marble Value="Arni , 1. Toni" Order="5" />
    </Output>
  </Diagram>
  <Diagram Id="If">
    <Input Name="condition">
      <Marble Value="False" Order="5" />
    </Input>
    <Input Name="a">
      <Marble Value="a" Order="0" />
      <Marble Value="b" Order="1" />
      <Marble Value="_" Order="2" />
      <Marble Value="c" Order="3" />
      <Marble Value="d" Order="4" />
      <Marble Value="e" Order="6" />
      <Marble Value="_" Order="7" />
      <Marble Value="f" Order="8" />
      <Marble Value="g" Order="9" />
      <Marble Value="h" Order="10" />
      <Marble Value="_" Order="11" />
    </Input>
    <Output>
      <Marble Value="a" Order="0" />
      <Marble Value="b" Order="1" />
      <Marble Value="c" Order="3" />
      <Marble Value="d" Order="4" />
      <Marble Value="e" Order="6" />
      <Marble Value="F" Order="8" />
      <Marble Value="G" Order="9" />
      <Marble Value="H" Order="10" />
    </Output>
  </Diagram>
  <Diagram Id="IgnoreElements">
    <Input Name="a">
      <Marble Value="a" Order="0" />
      <Marble Value="b" Order="1" />
      <Marble Value="c" Order="2" />
      <Marble Value="d" Order="3" />
      <Marble Kind="OnCompleted" Order="4" />
    </Input>
    <Output>
      <Marble Kind="OnCompleted" Order="4" />
    </Output>
  </Diagram>
  <Diagram Id="Interval">
    <Input Name="a">
      <Marble Value="a" Order="2" />
    </Input>
    <Output>
      <Marble Value="11:14:20" Order="0" />
      <Marble Value="11:14:21" Order="1" />
      <Marble Kind="OnCompleted" Order="2" />
    </Output>
  </Diagram>
  <Diagram Id="Join">
    <Input Name="man">
      <Marble Value="Joel" Order="0" />
      <Marble Value="Arni" Order="1" />
      <Marble Kind="OnCompleted" Order="6" />
    </Input>
    <Input Name="female">
      <Marble Value="Maria" Order="2" />
      <Marble Value="Toni" Order="5" />
      <Marble Kind="OnCompleted" Order="7" />
    </Input>
    <Input Name="leaving">
      <Marble Value="Joel" Order="4" />
    </Input>
    <Output>
      <Marble Value="Joel , Maria" Order="2" />
      <Marble Value="Arni , Maria" Order="3" />
      <Marble Value="Arni , Toni" Order="5" />
      <Marble Kind="OnCompleted" Order="7" />
    </Output>
  </Diagram>
  <Diagram Id="Max">
    <Input Name="a">
      <Marble Value="2" Order="0" />
      <Marble Value="123" Order="1" />
      <Marble Value="55" Order="2" />
      <Marble Value="-50" Order="3" />
      <Marble Kind="OnCompleted" Order="4" />
    </Input>
    <Output>
      <Marble Value="123" Order="4" />
      <Marble Kind="OnCompleted" Order="5" />
    </Output>
  </Diagram>
  <Diagram Id="MaxBy">
    <Input Name="a">
      <Marble Value="aa" Order="0" />
      <Marble Value="aaaa" Order="1" />
      <Marble Value="a" Order="2" />
      <Marble Value="aaa" Order="3" />
      <Marble Value="bbbb" Order="4" />
      <Marble Kind="OnCompleted" Order="5" />
    </Input>
    <Output>
      <Marble Value="aaaa,bbbb" Order="5" />
      <Marble Kind="OnCompleted" Order="6" />
    </Output>
  </Diagram>
  <Diagram Id="Merge">
    <Input Name="a">
      <Marble Value="a" Order="0" />
      <Marble Value="b" Order="1" />
      <Marble Kind="OnCompleted" Order="4" />
    </Input>
    <Input Name="b">
      <Marble Value="c" Order="2" />
      <Marble Value="e" Order="5" />
      <Marble Kind="OnCompleted" Order="6" />
    </Input>
    <Input Name="c">
      <Marble Value="d" Order="3" />
      <Marble Value="f" Order="7" />
      <Marble Kind="OnCompleted" Order="8" />
    </Input>
    <Output>
      <Marble Value="a" Order="0" />
      <Marble Value="b" Order="1" />
      <Marble Value="c" Order="2" />
      <Marble Value="d" Order="3" />
      <Marble Value="e" Order="5" />
      <Marble Value="f" Order="7" />
      <Marble Kind="OnCompleted" Order="8" />
    </Output>
  </Diagram>
  <Diagram Id="Min">
    <Input Name="a">
      <Marble Value="2" Order="0" />
      <Marble Value="123" Order="1" />
      <Marble Value="55" Order="2" />
      <Marble Value="-50" Order="3" />
      <Marble Kind="OnCompleted" Order="4" />
    </Input>
    <Output>
      <Marble Value="-50" Order="4" />
      <Marble Kind="OnCompleted" Order="5" />
    </Output>
  </Diagram>
  <Diagram Id="MinBy">
    <Input Name="a">
      <Marble Value="aa" Order="0" />
      <Marble Value="aaaa" Order="1" />
      <Marble Value="a" Order="2" />
      <Marble Value="aaa" Order="3" />
      <Marble Value="b" Order="4" />
      <Marble Kind="OnCompleted" Order="5" />
    </Input>
    <Output>
      <Marble Value="a,b" Order="5" />
      <Marble Kind="OnCompleted" Order="6" />
    </Output>
  </Diagram>
  <Diagram Id="OnErrorResumeNext">
    <Input Name="a">
      <Marble Value="c" Order="2" />
      <Marble Value="d" Order="3" />
      <Marble Value="e" Order="4" />
      <Marble Kind="OnCompleted" Order="5" />
    </Input>
    <Input Name="b">
      <Marble Value="a" Order="0" />
      <Marble Value="b" Order="1" />
      <Marble Value="f" Order="6" />
      <Marble Value="g" Order="7" />
    </Input>
    <Output>
      <Marble Value="c" Order="2" />
      <Marble Value="d" Order="3" />
      <Marble Value="e" Order="4" />
      <Marble Value="f" Order="6" />
      <Marble Value="g" Order="7" />
    </Output>
  </Diagram>
  <Diagram Id="Publish">
    <Input Name="a">
      <Marble Value="a" Order="0" />
      <Marble Value="b" Order="2" />
      <Marble Value="c" Order="3" />
      <Marble Value="d" Order="5" />
      <Marble Value="e" Order="7" />
      <Marble Value="f" Order="10" />
      <Marble Value="g" Order="12" />
      <Marble Kind="OnCompleted" Order="14" />
    </Input>
    <Input Name="connect_disconnect">
      <Marble Value="True" Order="1" />
      <Marble Value="False" Order="9" />
      <Marble Value="True" Order="11" />
    </Input>
    <Input Name="subscribeMe">
      <Marble Value="Arni" Order="4" />
      <Marble Value="Joel" Order="6" />
    </Input>
    <Output>
      <Marble Value="Arni: d" Order="5" />
      <Marble Value="Arni: e" Order="7" />
      <Marble Value="Joel: e" Order="8" />
      <Marble Value="Arni: g" Order="12" />
      <Marble Value="Joel: g" Order="13" />
    </Output>
  </Diagram>
  <Diagram Id="RefCount">
    <Input Name="a">
      <Marble Value="a" Order="0" />
      <Marble Value="b" Order="2" />
      <Marble Value="c" Order="3" />
      <Marble Value="d" Order="5" />
      <Marble Value="e" Order="10" />
    </Input>
    <Input Name="subscribe">
      <Marble Value="Arni" Order="1" />
      <Marble Value="Joel" Order="6" />
      <Marble Value="Michael" Order="8" />
    </Input>
    <Input Name="unsubscribe">
      <Marble Value="Arni" Order="4" />
    </Input>
    <Output>
      <Marble Value="Arni : b" Order="2" />
      <Marble Value="Arni : c" Order="3" />
      <Marble Value="Joel : b" Order="6" />
      <Marble Value="Joel : c" Order="7" />
      <Marble Value="Michael : b" Order="8" />
      <Marble Value="Michael : c" Order="9" />
      <Marble Value="Joel : e" Order="10" />
      <Marble Value="Michael : e" Order="11" />
    </Output>
  </Diagram>
  <Diagram Id="Replay">
    <Input Name="a">
      <Marble Value="a" Order="0" />
      <Marble Value="b" Order="2" />
      <Marble Value="c" Order="3" />
      <Marble Value="d" Order="6" />
      <Marble Value="e" Order="10" />
      <Marble Value="f" Order="13" />
      <Marble Value="g" Order="15" />
    </Input>
    <Input Name="connect_disconnect">
      <Marble Value="True" Order="1" />
      <Marble Value="False" Order="12" />
      <Marble Value="True" Order="14" />
    </Input>
    <Input Name="subscribeMe">
      <Marble Value="Arni" Order="4" />
      <Marble Value="Joel" Order="7" />
      <Marble Value="Michael" Order="17" />
    </Input>
    <Output>
      <Marble Value="Arni: b" Order="4" />
      <Marble Value="Arni: c" Order="5" />
      <Marble Value="Arni: d" Order="6" />
      <Marble Value="Joel: b" Order="7" />
      <Marble Value="Joel: c" Order="8" />
      <Marble Value="Joel: d" Order="9" />
      <Marble Value="Arni: e" Order="10" />
      <Marble Value="Joel: e" Order="11" />
      <Marble Value="Arni: g" Order="15" />
      <Marble Value="Joel: g" Order="16" />
      <Marble Value="Michael: b" Order="17" />
      <Marble Value="Michael: c" Order="18" />
      <Marble Value="Michael: d" Order="19" />
      <Marble Value="Michael: e" Order="20" />
      <Marble Value="Michael: g" Order="21" />
    </Output>
  </Diagram>
  <Diagram Id="Retry">
    <Input Name="a">
      <Marble Value="a" Order="0" />
      <Marble Value="b" Order="1" />
      <Marble Value="" Order="2" />
      <Marble Value="c" Order="3" />
      <Marble Value="d" Order="4" />
      <Marble Value="" Order="5" />
      <Marble Value="e" Order="6" />
      <Marble Value="f" Order="7" />
      <Marble Value="" Order="8" />
    </Input>
    <Output>
      <Marble Value="a" Order="0" />
      <Marble Value="b" Order="1" />
      <Marble Value="c" Order="3" />
      <Marble Value="d" Order="4" />
      <Marble Value="e" Order="6" />
      <Marble Value="f" Order="7" />
      <Marble Kind="OnError" Order="8" />
    </Output>
  </Diagram>
  <Diagram Id="Sample_WithSampler">
    <Input Name="a">
      <Marble Value="a" Order="0" />
      <Marble Value="b" Order="1" />
      <Marble Value="c" Order="2" />
      <Marble Value="d" Order="4" />
      <Marble Value="e" Order="5" />
      <Marble Value="f" Order="6" />
      <Marble Value="g" Order="8" />
      <Marble Value="h" Order="9" />
      <Marble Kind="OnCompleted" Order="11" />
    </Input>
    <Input Name="b">
      <Marble Value="yo" Order="3" />
      <Marble Value="yo2" Order="7" />
      <Marble Kind="OnCompleted" Order="10" />
    </Input>
    <Output>
      <Marble Value="c" Order="3" />
      <Marble Value="f" Order="7" />
      <Marble Value="h" Order="10" />
    </Output>
  </Diagram>
  <Diagram Id="Sample_WithTime">
    <Input Name="a">
      <Marble Value="11:14:33" Order="0" />
      <Marble Value="11:14:33" Order="1" />
      <Marble Value="11:14:36" Order="3" />
      <Marble Value="11:14:36" Order="4" />
      <Marble Kind="OnCompleted" Order="5" />
    </Input>
    <Output>
      <Marble Value="11:14:33" Order="2" />
    </Output>
  </Diagram>
  <Diagram Id="Scan">
    <Input Name="a">
      <Marble Value="a" Order="0" />
      <Marble Value="aa" Order="1" />
      <Marble Value="aaa" Order="2" />
      <Marble Value="aa" Order="3" />
      <Marble Value="a" Order="4" />
      <Marble Kind="OnCompleted" Order="5" />
    </Input>
    <Output>
      <Marble Value="1" Order="0" />
      <Marble Value="3" Order="1" />
      <Marble Value="6" Order="2" />
      <Marble Value="8" Order="3" />
      <Marble Value="9" Order="4" />
      <Marble Kind="OnCompleted" Order="5" />
    </Output>
  </Diagram>
  <Diagram Id="Select">
    <Input Name="a">
      <Marble Value="a" Order="0" />
      <Marble Value="aa" Order="1" />
      <Marble Value="aaa" Order="2" />
      <Marble Value="aaaa" Order="3" />
      <Marble Value="aaaaa" Order="4" />
      <Marble Value="aaaaaa" Order="5" />
      <Marble Kind="OnCompleted" Order="6" />
    </Input>
    <Output>
      <Marble Value="1" Order="0" />
      <Marble Value="2" Order="1" />
      <Marble Value="3" Order="2" />
      <Marble Value="4" Order="3" />
      <Marble Value="5" Order="4" />
      <Marble Value="6" Order="5" />
      <Marble Kind="OnCompleted" Order="6" />
    </Output>
  </Diagram>
  <Diagram Id="SelectMany">
    <Input Name="a">
      <Marble Value="2" Order="0" />
      <Marble Kind="OnCompleted" Order="1" />
    </Input>
    <Output>
      <Marble Value="2" Order="2" />
      <Marble Value="2" Order="3" />
      <Marble Kind="OnCompleted" Order="4" />
    </Output>
  </Diagram>
  <Diagram Id="SequenceEqual">
    <Input Name="a">
      <Marble Value="a" Order="0" />
      <Marble Value="b" Order="2" />
      <Marble Value="c" Order="3" />
      <Marble Kind="OnCompleted" Order="4" />
    </Input>
    <Input Name="b">
      <Marble Value="a" Order="1" />
      <Marble Value="b" Order="5" />
      <Marble Value="c" Order="6" />
      <Marble Kind="OnCompleted" Order="7" />
    </Input>
    <Output>
      <Marble Value="True" Order="7" />
      <Marble Kind="OnCompleted" Order="8" />
    </Output>
  </Diagram>
  <Diagram Id="Skip">
    <Input Name="a">
      <Marble Value="a" Order="0" />
      <Marble Value="b" Order="1" />
      <Marble Value="c" Order="2" />
      <Marble Value="d" Order="3" />
      <Marble Value="e" Order="4" />
      <Marble Value="f" Order="5" />
      <Marble Kind="OnCompleted" Order="6" />
    </Input>
    <Output>
      <Marble Value="e" Order="4" />
      <Marble Value="f" Order="5" />
      <Marble Kind="OnCompleted" Order="6" />
    </Output>
  </Diagram>
  <Diagram Id="SkipLast">
    <Input Name="a">
      <Marble Value="a" Order="0" />
      <Marble Value="b" Order="1" />
      <Marble Value="c" Order="2" />
      <Marble Value="d" Order="3" />
      <Marble Value="e" Order="4" />
      <Marble Value="f" Order="5" />
      <Marble Value="g" Order="6" />
      <Marble Kind="OnCompleted" Order="7" />
    </Input>
    <Output>
      <Marble Value="a" Order="3" />
      <Marble Value="b" Order="4" />
      <Marble Value="c" Order="5" />
      <Marble Value="d" Order="6" />
      <Marble Kind="OnCompleted" Order="7" />
    </Output>
  </Diagram>
  <Diagram Id="SkipUntil">
    <Input Name="a">
      <Marble Value="a" Order="0" />
      <Marble Value="b" Order="1" />
      <Marble Value="d" Order="3" />
      <Marble Value="e" Order="4" />
      <Marble Kind="OnCompleted" Order="7" />
    </Input>
    <Input Name="b">
      <Marble Value="c" Order="2" />
      <Marble Value="f" Order="5" />
      <Marble Kind="OnCompleted" Order="6" />
    </Input>
    <Output>
      <Marble Value="d" Order="3" />
      <Marble Value="e" Order="4" />
      <Marble Kind="OnCompleted" Order="7" />
    </Output>
  </Diagram>
  <Diagram Id="SkipWhile">
    <Input Name="a">
      <Marble Value="a" Order="0" />
      <Marble Value="aa" Order="1" />
      <Marble Value="aaa" Order="2" />
      <Marble Value="aaaa" Order="3" />
      <Marble Value="aaaaa" Order="4" />
      <Marble Value="a" Order="5" />
      <Marble Value="aa" Order="6" />
      <Marble Value="aaa" Order="7" />
      <Marble Kind="OnCompleted" Order="8" />
    </Input>
    <Output>
      <Marble Value="aaa" Order="2" />
      <Marble Value="aaaa" Order="3" />
      <Marble Value="aaaaa" Order="4" />
      <Marble Value="a" Order="5" />
      <Marble Value="aa" Order="6" />
      <Marble Value="aaa" Order="7" />
      <Marble Kind="OnCompleted" Order="8" />
    </Output>
  </Diagram>
  <Diagram Id="Sum">
    <Input Name="a">
      <Marble Value="2" Order="0" />
      <Marble Value="123" Order="1" />
      <Marble Value="55" Order="2" />
      <Marble Value="-50" Order="3" />
      <Marble Kind="OnCompleted" Order="4" />
    </Input>
    <Output>
      <Marble Value="130" Order="4" />
      <Marble Kind="OnCompleted" Order="5" />
    </Output>
  </Diagram>
  <Diagram Id="Switch">
    <Input Name="a">
      <Marble Value="1" Order="0" />
      <Marble Value="1" Order="1" />
      <Marble Value="1" Order="2" />
      <Marble Value="3" Order="3" />
      <Marble Kind="OnCompleted" Order="5" />
    </Input>
    <Output>
      <Marble Value="3" Order="4" />
      <Marble Kind="OnCompleted" Order="5" />
    </Output>
  </Diagram>
  <Diagram Id="Take">
    <Input Name="a">
      <Marble Value="a" Order="0" />
      <Marble Value="b" Order="1" />
      <Marble Value="c" Order="2" />
      <Marble Value="d" Order="3" />
      <Marble Value="e" Order="5" />
      <Marble Value="f" Order="6" />
      <Marble Kind="OnCompleted" Order="7" />
    </Input>
    <Output>
      <Marble Value="a" Order="0" />
      <Marble Value="b" Order="1" />
      <Marble Value="c" Order="2" />
      <Marble Value="d" Order="3" />
      <Marble Kind="OnCompleted" Order="4" />
    </Output>
  </Diagram>
  <Diagram Id="TakeLast">
    <Input Name="a">
      <Marble Value="a" Order="0" />
      <Marble Value="b" Order="1" />
      <Marble Value="c" Order="2" />
      <Marble Value="d" Order="3" />
      <Marble Value="e" Order="4" />
      <Marble Value="f" Order="5" />
      <Marble Value="g" Order="6" />
      <Marble Kind="OnCompleted" Order="7" />
    </Input>
    <Output>
      <Marble Value="e" Order="7" />
      <Marble Value="f" Order="8" />
      <Marble Value="g" Order="9" />
      <Marble Kind="OnCompleted" Order="10" />
    </Output>
  </Diagram>
  <Diagram Id="TakeUntil">
    <Input Name="a">
      <Marble Value="a" Order="0" />
      <Marble Value="b" Order="1" />
      <Marble Value="d" Order="3" />
      <Marble Value="e" Order="4" />
      <Marble Kind="OnCompleted" Order="7" />
    </Input>
    <Input Name="b">
      <Marble Value="c" Order="2" />
      <Marble Value="f" Order="5" />
      <Marble Kind="OnCompleted" Order="6" />
    </Input>
    <Output>
      <Marble Value="a" Order="0" />
      <Marble Value="b" Order="1" />
      <Marble Kind="OnCompleted" Order="2" />
    </Output>
  </Diagram>
  <Diagram Id="TakeWhile">
    <Input Name="a">
      <Marble Value="a" Order="0" />
      <Marble Value="aa" Order="1" />
      <Marble Value="aaa" Order="2" />
      <Marble Value="aaaa" Order="3" />
      <Marble Value="aaaaa" Order="4" />
      <Marble Value="a" Order="5" />
      <Marble Value="aa" Order="6" />
      <Marble Value="aaa" Order="7" />
      <Marble Kind="OnCompleted" Order="8" />
    </Input>
    <Output>
      <Marble Value="a" Order="0" />
      <Marble Value="aa" Order="1" />
      <Marble Kind="OnCompleted" Order="2" />
    </Output>
  </Diagram>
  <Diagram Id="Throttle">
    <Input Name="a">
      <Marble Value="11:14:55" Order="0" />
      <Marble Value="11:14:55" Order="1" />
      <Marble Value="11:14:58" Order="3" />
      <Marble Value="11:14:59" Order="4" />
      <Marble Kind="OnCompleted" Order="5" />
    </Input>
    <Output>
      <Marble Value="11:14:55" Order="2" />
      <Marble Value="11:14:59" Order="5" />
      <Marble Kind="OnCompleted" Order="6" />
    </Output>
  </Diagram>
  <Diagram Id="Timeout">
    <Input Name="a">
      <Marble Value="11:15:00" Order="0" />
      <Marble Value="11:15:01" Order="1" />
    </Input>
    <Output>
      <Marble Value="11:15:00" Order="0" />
      <Marble Value="11:15:01" Order="1" />
      <Marble Kind="OnError" Order="2" />
    </Output>
  </Diagram>
  <Diagram Id="Timer">
    <Input Name="a">
      <Marble Value="2" Order="0" />
      <Marble Value="1" Order="1" />
      <Marble Kind="OnCompleted" Order="2" />
    </Input>
    <Output>
      <Marble Value="0" Order="3" />
      <Marble Value="0" Order="4" />
      <Marble Kind="OnCompleted" Order="5" />
    </Output>
  </Diagram>
  <Diagram Id="ToList">
    <Input Name="a">
      <Marble Value="a" Order="0" />
      <Marble Value="b" Order="1" />
      <Marble Value="c" Order="2" />
      <Marble Value="d" Order="3" />
      <Marble Kind="OnCompleted" Order="4" />
    </Input>
    <Output>
      <Marble Value="a,b,c,d" Order="4" />
      <Marble Kind="OnCompleted" Order="5" />
    </Output>
  </Diagram>
  <Diagram Id="When">
    <Input Name="a">
      <Marble Value="a" Order="3" />
      <Marble Value="a" Order="4" />
      <Marble Value="a" Order="6" />
      <Marble Kind="OnCompleted" Order="9" />
    </Input>
    <Input Name="b">
      <Marble Value="b" Order="0" />
      <Marble Value="b" Order="7" />
      <Marble Kind="OnCompleted" Order="10" />
    </Input>
    <Input Name="c">
      <Marble Value="c" Order="1" />
      <Marble Value="c" Order="8" />
      <Marble Kind="OnCompleted" Order="11" />
    </Input>
    <Input Name="d">
      <Marble Value="d" Order="2" />
      <Marble Value="d" Order="5" />
      <Marble Kind="OnCompleted" Order="12" />
    </Input>
    <Output>
      <Marble Value="a - b - c" Order="3" />
      <Marble Value="a -- d" Order="4" />
      <Marble Value="a -- d" Order="6" />
      <Marble Kind="OnCompleted" Order="12" />
    </Output>
  </Diagram>
  <Diagram Id="Where">
    <Input Name="a">
      <Marble Value="a" Order="0" />
      <Marble Value="aa" Order="1" />
      <Marble Value="aaa" Order="2" />
      <Marble Value="aaaa" Order="3" />
      <Marble Value="aaaaa" Order="4" />
      <Marble Value="aaaaaa" Order="5" />
      <Marble Kind="OnCompleted" Order="6" />
    </Input>
    <Output>
      <Marble Value="aa" Order="1" />
      <Marble Value="aaaa" Order="3" />
      <Marble Value="aaaaaa" Order="5" />
      <Marble Kind="OnCompleted" Order="6" />
    </Output>
  </Diagram>
  <Diagram Id="While">
    <Input Name="condition">
      <Marble Value="False" Order="5" />
    </Input>
    <Input Name="a">
      <Marble Value="a" Order="0" />
      <Marble Value="b" Order="1" />
      <Marble Value="_" Order="2" />
      <Marble Value="c" Order="3" />
      <Marble Value="d" Order="4" />
      <Marble Value="e" Order="6" />
      <Marble Value="_" Order="7" />
    </Input>
    <Output>
      <Marble Value="a" Order="0" />
      <Marble Value="b" Order="1" />
      <Marble Value="c" Order="3" />
      <Marble Value="d" Order="4" />
      <Marble Value="e" Order="6" />
      <Marble Kind="OnCompleted" Order="7" />
    </Output>
  </Diagram>
  <Diagram Id="Window_WithClosingSelector">
    <Input Name="a">
      <Marble Value="a" Order="0" />
      <Marble Value="b" Order="1" />
      <Marble Value="c" Order="3" />
      <Marble Value="d" Order="5" />
      <Marble Value="e" Order="6" />
      <Marble Value="f" Order="8" />
      <Marble Value="g" Order="9" />
      <Marble Value="h" Order="12" />
      <Marble Value="i" Order="13" />
      <Marble Kind="OnCompleted" Order="14" />
    </Input>
    <Input Name="b1">
      <Marble Value="b1 - 1" Order="2" />
      <Marble Value="b1 - 2" Order="10" />
    </Input>
    <Input Name="b2">
      <Marble Value="b2 - 1" Order="4" />
      <Marble Value="b2 - 2" Order="7" />
      <Marble Value="b2 - 3" Order="11" />
    </Input>
    <Output>
      <Marble Value="0 a" Order="0" />
      <Marble Value="1 b" Order="1" />
      <Marble Value="2 c" Order="3" />
      <Marble Value="0 d" Order="5" />
      <Marble Value="1 e" Order="6" />
      <Marble Value="2 f" Order="8" />
      <Marble Value="3 g" Order="9" />
      <Marble Value="0 h" Order="12" />
      <Marble Value="1 i" Order="13" />
      <Marble Kind="OnCompleted" Order="14" />
    </Output>
  </Diagram>
  <Diagram Id="Window_WithCount">
    <Input Name="a">
      <Marble Value="a" Order="0" />
      <Marble Value="b" Order="1" />
      <Marble Value="c" Order="2" />
      <Marble Value="d" Order="3" />
      <Marble Value="e" Order="4" />
      <Marble Value="f" Order="5" />
      <Marble Value="g" Order="6" />
      <Marble Kind="OnCompleted" Order="7" />
    </Input>
    <Output>
      <Marble Value="0 a" Order="0" />
      <Marble Value="1 b" Order="1" />
      <Marble Value="2 c" Order="2" />
      <Marble Value="0 d" Order="3" />
      <Marble Value="1 e" Order="4" />
      <Marble Value="2 f" Order="5" />
      <Marble Value="0 g" Order="6" />
      <Marble Kind="OnCompleted" Order="7" />
    </Output>
  </Diagram>
  <Diagram Id="Window_WithTime">
    <Input Name="a">
      <Marble Value="a" Order="0" />
      <Marble Value="b" Order="1" />
      <Marble Value="c" Order="2" />
      <Marble Value="d" Order="3" />
      <Marble Value="e" Order="4" />
      <Marble Kind="OnCompleted" Order="5" />
    </Input>
    <Output>
      <Marble Value="0 a" Order="0" />
      <Marble Value="1 b" Order="1" />
      <Marble Value="2 c" Order="2" />
      <Marble Value="0 d" Order="3" />
      <Marble Value="1 e" Order="4" />
      <Marble Kind="OnCompleted" Order="5" />
    </Output>
  </Diagram>
  <Diagram Id="Window_WithTimeOrCount">
    <Input Name="a">
      <Marble Value="a" Order="0" />
      <Marble Value="b" Order="1" />
      <Marble Value="c" Order="2" />
      <Marble Value="d" Order="3" />
      <Marble Value="e" Order="4" />
      <Marble Value="f" Order="5" />
      <Marble Value="g" Order="6" />
      <Marble Value="h" Order="7" />
      <Marble Value="i" Order="8" />
      <Marble Kind="OnCompleted" Order="9" />
    </Input>
    <Output>
      <Marble Value="0 a" Order="0" />
      <Marble Value="1 b" Order="1" />
      <Marble Value="2 c" Order="2" />
      <Marble Value="0 d" Order="3" />
      <Marble Value="1 e" Order="4" />
      <Marble Value="0 f" Order="5" />
      <Marble Value="1 g" Order="6" />
      <Marble Value="2 h" Order="7" />
      <Marble Value="0 i" Order="8" />
      <Marble Kind="OnCompleted" Order="9" />
    </Output>
  </Diagram>
  <Diagram Id="Zip">
    <Input Name="a">
      <Marble Value="a" Order="0" />
      <Marble Value="b" Order="1" />
      <Marble Value="c" Order="2" />
      <Marble Value="e" Order="4" />
      <Marble Kind="OnCompleted" Order="6" />
    </Input>
    <Input Name="b">
      <Marble Value="d" Order="3" />
      <Marble Value="f" Order="5" />
      <Marble Value="g" Order="7" />
      <Marble Kind="OnCompleted" Order="8" />
    </Input>
    <Output>
      <Marble Value="a - d" Order="3" />
      <Marble Value="b - f" Order="5" />
      <Marble Value="c - g" Order="7" />
      <Marble Kind="OnCompleted" Order="8" />
    </Output>
  </Diagram>
</DiagramContainer>